age,maxheartrate
10.0,184.341231487
10.0266755585,211.179287389
10.053351117,191.542827328
10.0800266756,219.058594742
10.1067022341,224.434545489
10.1333777926,222.518713401
10.1600533511,213.636885328
10.1867289096,225.950725236
10.2134044682,212.525747223
10.2400800267,225.545498666
10.2667555852,195.269874793
10.2934311437,207.142628533
10.3201067022,191.002223313
10.3467822608,196.354979322
10.3734578193,197.698617466
10.4001333778,215.997752374
10.4268089363,192.603353077
10.4534844948,174.638771351
10.4801600534,207.891237234
10.5068356119,182.034011839
10.5335111704,208.98348589
10.5601867289,208.38069846
10.5868622874,209.127466079
10.6135378459,216.97532435
10.6402134045,175.078168298
10.666888963,212.910480394
10.6935645215,204.070158046
10.72024008,196.274037289
10.7469156385,213.041994727
10.7735911971,194.982245591
10.8002667556,202.24811896
10.8269423141,188.683878619
10.8536178726,201.067689649
10.8802934311,203.484980059
10.9069689897,192.334534702
10.9336445482,211.352180151
10.9603201067,220.345527948
10.9869956652,203.549117313
11.0136712237,218.882637546
11.0403467823,218.126192118
11.0670223408,205.594422743
11.0936978993,197.419496264
11.1203734578,207.57035445
11.1470490163,184.35705649
11.1737245749,213.44440636
11.2004001334,217.189140625
11.2270756919,196.378506256
11.2537512504,201.58780655
11.2804268089,221.354221997
11.3071023675,203.961669129
11.333777926,195.23996154
11.3604534845,196.082732824
11.387129043,224.648759813
11.4138046015,203.327535982
11.4404801601,187.388991788
11.4671557186,204.273858887
11.4938312771,176.545165276
11.5205068356,186.713324425
11.5471823941,215.703249494
11.5738579527,213.231371443
11.6005335112,214.436612756
11.6272090697,191.862679367
11.6538846282,180.180127491
11.6805601867,213.553800135
11.7072357452,201.84696926
11.7339113038,224.943208396
11.7605868623,233.459912404
11.7872624208,193.329473478
11.8139379793,203.584555532
11.8406135378,214.465987905
11.8672890964,206.29164645
11.8939646549,216.829221894
11.9206402134,221.17263768
11.9473157719,224.866448105
11.9739913304,196.63380011
12.000666889,213.887293109
12.0273424475,216.92279042
12.054018006,220.334964099
12.0806935645,200.113988882
12.107369123,208.962219446
12.1340446816,189.742894632
12.1607202401,210.015678691
12.1873957986,193.67497647
12.2140713571,188.052901979
12.2407469156,195.595335959
12.2674224742,211.42257024
12.2940980327,203.377362392
12.3207735912,199.694970021
12.3474491497,202.305627269
12.3741247082,217.436582116
12.4008002668,204.240255984
12.4274758253,209.033711221
12.4541513838,191.661570382
12.4808269423,190.110513183
12.5075025008,208.811216689
12.5341780594,215.731498235
12.5608536179,204.4202476
12.5875291764,183.801277623
12.6142047349,202.54994685
12.6408802934,187.886202689
12.667555852,209.919344099
12.6942314105,179.880517675
12.720906969,200.752051495
12.7475825275,209.563200062
12.774258086,193.538934563
12.8009336445,200.843788762
12.8276092031,195.620070627
12.8542847616,212.928562701
12.8809603201,194.560518763
12.9076358786,210.333803595
12.9343114371,184.447794022
12.9609869957,208.757450002
12.9876625542,192.416752799
13.0143381127,219.656475115
13.0410136712,194.296854106
13.0676892297,192.884195319
13.0943647883,205.804723869
13.1210403468,192.621059162
13.1477159053,196.433691535
13.1743914638,190.922429397
13.2010670223,188.845067503
13.2277425809,190.95096981
13.2544181394,211.047052098
13.2810936979,193.25309489
13.3077692564,226.304381905
13.3344448149,195.244751511
13.3611203735,198.898539375
13.387795932,199.882933262
13.4144714905,219.615143448
13.441147049,173.46199154
13.4678226075,192.501850878
13.4944981661,193.872003417
13.5211737246,185.076920641
13.5478492831,186.55580744
13.5745248416,202.297525939
13.6012004001,197.724083259
13.6278759587,197.201565613
13.6545515172,180.044284623
13.6812270757,217.684017296
13.7079026342,212.817844855
13.7345781927,190.161595535
13.7612537513,197.380440038
13.7879293098,216.326032926
13.8146048683,205.200478759
13.8412804268,222.701222775
13.8679559853,182.58949607
13.8946315438,205.518000841
13.9213071024,200.439118609
13.9479826609,216.456466272
13.9746582194,197.860652027
14.0013337779,206.944985544
14.0280093364,220.788769123
14.054684895,218.997179095
14.0813604535,199.290844985
14.108036012,172.054222664
14.1347115705,178.163867764
14.161387129,195.764650528
14.1880626876,225.453987795
14.2147382461,192.493960556
14.2414138046,215.837675562
14.2680893631,209.721107652
14.2947649216,230.461117977
14.3214404802,197.956755509
14.3481160387,185.86679207
14.3747915972,204.109935403
14.4014671557,200.178251468
14.4281427142,200.909841735
14.4548182728,199.46164613
14.4814938313,184.959249678
14.5081693898,204.668289015
14.5348449483,217.054474386
14.5615205068,197.78945961
14.5881960654,184.374334762
14.6148716239,183.144671264
14.6415471824,204.055053835
14.6682227409,200.545285554
14.6948982994,203.181034133
14.721573858,196.859112568
14.7482494165,197.122037443
14.774924975,194.275193793
14.8016005335,199.591695432
14.828276092,186.871605665
14.8549516506,213.825337246
14.8816272091,195.427153622
14.9083027676,183.225678004
14.9349783261,217.984973852
14.9616538846,194.499531908
14.9883294431,214.446450605
15.0150050017,198.949158916
15.0416805602,192.686000237
15.0683561187,193.04860346
15.0950316772,194.132355527
15.1217072357,176.750413451
15.1483827943,211.367287157
15.1750583528,204.254087598
15.2017339113,181.591368272
15.2284094698,200.672806634
15.2550850283,205.987805312
15.2817605869,206.960623418
15.3084361454,198.935033601
15.3351117039,199.717301178
15.3617872624,172.08200061
15.3884628209,182.115438065
15.4151383795,179.945849865
15.441813938,212.783863731
15.4684894965,186.174456572
15.495165055,195.999469341
15.5218406135,198.381522785
15.5485161721,199.404316907
15.5751917306,179.277554856
15.6018672891,204.8094004
15.6285428476,180.714472135
15.6552184061,212.978971714
15.6818939647,203.125467916
15.7085695232,200.317964009
15.7352450817,196.616345275
15.7619206402,206.886947175
15.7885961987,204.202741233
15.8152717573,193.969966831
15.8419473158,198.510443759
15.8686228743,196.147905964
15.8952984328,195.817321689
15.9219739913,212.671071183
15.9486495498,194.941173465
15.9753251084,196.333287316
16.0020006669,198.082398898
16.0286762254,201.589110387
16.0553517839,198.33028238
16.0820273424,196.376256656
16.108702901,203.126683877
16.1353784595,211.280200007
16.162054018,202.945366703
16.1887295765,216.758216878
16.215405135,206.146177104
16.2420806936,199.505698315
16.2687562521,206.792657515
16.2954318106,210.782249639
16.3221073691,190.57470502
16.3487829276,221.050356033
16.3754584862,205.584882207
16.4021340447,205.041962422
16.4288096032,205.393353601
16.4554851617,192.039527841
16.4821607202,201.213791346
16.5088362788,186.308637258
16.5355118373,167.12425271
16.5621873958,197.650532496
16.5888629543,182.171844078
16.6155385128,214.297079963
16.6422140714,199.426133036
16.6688896299,203.633425673
16.6955651884,197.741582151
16.7222407469,198.390065189
16.7489163054,212.226091073
16.775591864,182.516939593
16.8022674225,203.789092227
16.828942981,215.471749478
16.8556185395,193.118346582
16.882294098,219.619962761
16.9089696566,186.448075177
16.9356452151,221.373318462
16.9623207736,213.418172897
16.9889963321,212.820320691
17.0156718906,187.345377364
17.0423474491,216.278298269
17.0690230077,172.271392276
17.0956985662,186.054819749
17.1223741247,188.57968
17.1490496832,216.752902375
17.1757252417,178.62639303
17.2024008003,194.232513403
17.2290763588,186.729349922
17.2557519173,203.03447495
17.2824274758,203.307325917
17.3091030343,213.002035392
17.3357785929,206.91503016
17.3624541514,207.828050716
17.3891297099,183.987709508
17.4158052684,195.064323472
17.4424808269,196.201858422
17.4691563855,196.716800074
17.495831944,187.527896694
17.5225075025,186.649485593
17.549183061,199.195783474
17.5758586195,166.538628148
17.6025341781,173.462068018
17.6292097366,192.094817106
17.6558852951,201.268748085
17.6825608536,208.412695125
17.7092364121,193.143071488
17.7359119707,182.067102432
17.7625875292,225.947483166
17.7892630877,213.602787272
17.8159386462,178.206740335
17.8426142047,203.813727056
17.8692897633,180.124317503
17.8959653218,216.415742348
17.9226408803,219.842205527
17.9493164388,206.097549102
17.9759919973,201.056389839
18.0026675559,185.18930288
18.0293431144,206.665594929
18.0560186729,192.71463896
18.0826942314,213.209136599
18.1093697899,199.642259761
18.1360453484,185.067343617
18.162720907,215.486039203
18.1893964655,200.770095097
18.216072024,188.233601534
18.2427475825,227.484536255
18.269423141,181.349568139
18.2960986996,198.71349599
18.3227742581,192.168999052
18.3494498166,196.579483878
18.3761253751,196.875280258
18.4028009336,188.934844005
18.4294764922,206.994102121
18.4561520507,206.85775123
18.4828276092,181.268280823
18.5095031677,209.045559654
18.5361787262,204.024692598
18.5628542848,216.414677549
18.5895298433,201.324112646
18.6162054018,193.836413488
18.6428809603,201.343584267
18.6695565188,193.093964273
18.6962320774,199.108332043
18.7229076359,186.755251615
18.7495831944,192.096622855
18.7762587529,192.873356646
18.8029343114,181.394790388
18.82960987,181.411779242
18.8562854285,196.306068671
18.882960987,195.588402718
18.9096365455,203.838607745
18.936312104,198.49719828
18.9629876626,201.881620113
18.9896632211,186.366602306
19.0163387796,186.563112742
19.0430143381,187.795513688
19.0696898966,184.175552075
19.0963654552,189.790521591
19.1230410137,186.04137438
19.1497165722,191.438177768
19.1763921307,183.172903983
19.2030676892,197.892874042
19.2297432477,177.878366689
19.2564188063,205.544380588
19.2830943648,192.036426099
19.3097699233,177.902793932
19.3364454818,188.211674219
19.3631210403,201.967366928
19.3897965989,204.82372376
19.4164721574,195.76662467
19.4431477159,193.970756183
19.4698232744,187.16129965
19.4964988329,239.324242558
19.5231743915,191.326390195
19.54984995,180.581511763
19.5765255085,209.091881856
19.603201067,198.647745799
19.6298766255,208.621129539
19.6565521841,205.01633012
19.6832277426,191.168254987
19.7099033011,196.25364243
19.7365788596,196.505304599
19.7632544181,181.76040318
19.7899299767,190.955587024
19.8166055352,200.359541352
19.8432810937,189.256447293
19.8699566522,196.828531513
19.8966322107,192.47774588
19.9233077693,197.466432367
19.9499833278,194.023604379
19.9766588863,194.699918799
20.0033344448,198.82249487
20.0300100033,208.199705333
20.0566855619,186.590175068
20.0833611204,196.884038567
20.1100366789,205.422337633
20.1367122374,197.417339979
20.1633877959,212.766569972
20.1900633545,181.796566469
20.216738913,212.247807848
20.2434144715,180.768656869
20.27009003,183.070598397
20.2967655885,208.958825737
20.323441147,188.254126387
20.3501167056,213.699261014
20.3767922641,191.630396665
20.4034678226,203.54459838
20.4301433811,180.057742767
20.4568189396,212.37321571
20.4834944982,186.184970783
20.5101700567,227.074127021
20.5368456152,214.181603697
20.5635211737,198.622015453
20.5901967322,218.365431386
20.6168722908,218.189955223
20.6435478493,200.636655621
20.6702234078,211.264864569
20.6968989663,205.394188463
20.7235745248,199.369386263
20.7502500834,184.671185044
20.7769256419,202.713324864
20.8036012004,192.640432913
20.8302767589,157.204329475
20.8569523174,201.211490369
20.883627876,208.409205223
20.9103034345,206.707515625
20.936978993,198.87846703
20.9636545515,165.036708745
20.99033011,198.338399651
21.0170056686,189.64671648
21.0436812271,214.792716498
21.0703567856,212.597379293
21.0970323441,196.715648034
21.1237079026,199.513641316
21.1503834612,185.559995826
21.1770590197,202.129806345
21.2037345782,194.134076462
21.2304101367,165.743663972
21.2570856952,173.813963599
21.2837612538,194.783561557
21.3104368123,197.929382901
21.3371123708,212.224745496
21.3637879293,178.777216308
21.3904634878,185.073741831
21.4171390463,209.642246633
21.4438146049,195.371637359
21.4704901634,220.498407306
21.4971657219,189.095387147
21.5238412804,177.519647619
21.5505168389,201.731567154
21.5771923975,211.630387179
21.603867956,190.426764981
21.6305435145,195.788554932
21.657219073,202.245872201
21.6838946315,192.699223903
21.7105701901,187.258384404
21.7372457486,183.729535605
21.7639213071,192.61871601
21.7905968656,194.601359462
21.8172724241,186.5003409
21.8439479827,180.613469707
21.8706235412,174.26598003
21.8972990997,181.316007671
21.9239746582,209.498098792
21.9506502167,209.197413278
21.9773257753,216.16936093
22.0040013338,187.054776585
22.0306768923,208.297332877
22.0573524508,188.163241193
22.0840280093,211.86653455
22.1107035679,197.52257333
22.1373791264,190.530364887
22.1640546849,205.47617797
22.1907302434,185.873611648
22.2174058019,189.561213021
22.2440813605,195.431323092
22.270756919,175.797174889
22.2974324775,185.619052057
22.324108036,184.84644128
22.3507835945,179.27233806
22.3774591531,198.505950036
22.4041347116,203.385201016
22.4308102701,195.407251144
22.4574858286,222.701197951
22.4841613871,208.778377334
22.5108369456,182.659000361
22.5375125042,176.634454408
22.5641880627,202.525665887
22.5908636212,190.023802209
22.6175391797,176.482015402
22.6442147382,201.625834199
22.6708902968,203.844083515
22.6975658553,201.297222769
22.7242414138,191.414092709
22.7509169723,195.169219976
22.7775925308,172.436458552
22.8042680894,203.841378867
22.8309436479,173.193792397
22.8576192064,200.798551673
22.8842947649,196.877944298
22.9109703234,195.410217603
22.937645882,185.47756121
22.9643214405,175.538955411
22.990996999,176.669486075
23.0176725575,183.088443601
23.044348116,197.540353374
23.0710236746,203.007888142
23.0976992331,206.886174045
23.1243747916,170.892170306
23.1510503501,208.889687328
23.1777259086,195.954345175
23.2044014672,182.525768693
23.2310770257,217.118267002
23.2577525842,195.088785236
23.2844281427,172.727407999
23.3111037012,190.033630463
23.3377792598,194.106614523
23.3644548183,176.090745721
23.3911303768,207.014389193
23.4178059353,200.946788926
23.4444814938,184.548836603
23.4711570524,192.91531989
23.4978326109,210.794376603
23.5245081694,210.662317187
23.5511837279,196.663696269
23.5778592864,201.907502146
23.6045348449,187.445469406
23.6312104035,187.828558246
23.657885962,200.625793267
23.6845615205,195.771908473
23.711237079,203.883088755
23.7379126375,175.848480369
23.7645881961,192.775034106
23.7912637546,172.670453614
23.8179393131,183.234460834
23.8446148716,177.206063043
23.8712904301,168.305055566
23.8979659887,176.21650468
23.9246415472,173.805437307
23.9513171057,193.256103498
23.9779926642,198.804446906
24.0046682227,173.528550864
24.0313437813,205.281468827
24.0580193398,224.788911252
24.0846948983,164.514946555
24.1113704568,183.319761542
24.1380460153,185.485836812
24.1647215739,198.446275504
24.1913971324,206.068824601
24.2180726909,199.779806491
24.2447482494,184.077897398
24.2714238079,206.277691699
24.2980993665,170.924589336
24.324774925,191.312274896
24.3514504835,188.024959623
24.378126042,196.851201072
24.4048016005,174.917658869
24.4314771591,212.699210178
24.4581527176,185.526107775
24.4848282761,198.631069183
24.5115038346,173.213714952
24.5381793931,198.821503388
24.5648549517,183.22828259
24.5915305102,192.32770185
24.6182060687,178.296176581
24.6448816272,193.328728821
24.6715571857,191.097040811
24.6982327442,179.099581186
24.7249083028,189.501891066
24.7515838613,202.278941013
24.7782594198,189.133444088
24.8049349783,175.594084645
24.8316105368,168.910022627
24.8582860954,194.65646025
24.8849616539,189.680235783
24.9116372124,191.304967758
24.9383127709,207.322025178
24.9649883294,195.117038263
24.991663888,193.092760631
25.0183394465,205.460188572
25.045015005,222.085604382
25.0716905635,171.594319136
25.098366122,207.992535179
25.1250416806,188.448850191
25.1517172391,200.383150934
25.1783927976,185.97275819
25.2050683561,183.752680152
25.2317439146,173.05788311
25.2584194732,204.290259645
25.2850950317,196.784325504
25.3117705902,180.652192319
25.3384461487,192.516190173
25.3651217072,193.072426961
25.3917972658,187.335825888
25.4184728243,175.726548397
25.4451483828,180.558063481
25.4718239413,210.111677319
25.4984994998,203.160942218
25.5251750584,202.098261859
25.5518506169,193.419900047
25.5785261754,187.396503479
25.6052017339,192.924955245
25.6318772924,186.98435021
25.658552851,168.676431367
25.6852284095,186.257626047
25.711903968,198.092342079
25.7385795265,197.439411344
25.765255085,190.848280127
25.7919306435,186.936380076
25.8186062021,179.833409077
25.8452817606,176.068182979
25.8719573191,172.298781708
25.8986328776,195.269059717
25.9253084361,170.537031724
25.9519839947,167.896083001
25.9786595532,209.827990099
26.0053351117,199.391023636
26.0320106702,230.474626158
26.0586862287,199.0381532
26.0853617873,180.704710793
26.1120373458,182.658659899
26.1387129043,192.75554765
26.1653884628,181.373044044
26.1920640213,169.736663907
26.2187395799,188.235201465
26.2454151384,162.405587045
26.2720906969,193.288978191
26.2987662554,214.265940276
26.3254418139,209.312499724
26.3521173725,181.04600135
26.378792931,170.837144204
26.4054684895,218.913675758
26.432144048,206.055734288
26.4588196065,195.364875838
26.4854951651,190.874051788
26.5121707236,200.491669225
26.5388462821,201.654107366
26.5655218406,194.030449679
26.5921973991,181.500538234
26.6188729577,188.054823764
26.6455485162,203.451417052
26.6722240747,178.744174797
26.6988996332,189.367976956
26.7255751917,205.846388327
26.7522507503,190.557640982
26.7789263088,204.200483144
26.8056018673,181.604203262
26.8322774258,191.483456152
26.8589529843,185.322183401
26.8856285428,183.611863554
26.9123041014,175.98955266
26.9389796599,189.248861253
26.9656552184,205.934452101
26.9923307769,195.538999925
27.0190063354,198.212844687
27.045681894,186.389841377
27.0723574525,209.466794296
27.099033011,204.620176918
27.1257085695,196.888687644
27.152384128,191.632200821
27.1790596866,185.003452634
27.2057352451,194.328672758
27.2324108036,187.245496382
27.2590863621,194.432178521
27.2857619206,141.713479271
27.3124374792,181.944679526
27.3391130377,185.756203406
27.3657885962,176.119524448
27.3924641547,182.935099915
27.4191397132,177.168891932
27.4458152718,208.071468209
27.4724908303,180.71665805
27.4991663888,189.359020836
27.5258419473,185.404337649
27.5525175058,193.099858248
27.5791930644,173.215409661
27.6058686229,184.250473783
27.6325441814,190.377549494
27.6592197399,188.275716598
27.6858952984,185.330067392
27.712570857,194.955312519
27.7392464155,184.028027988
27.765921974,183.381845225
27.7925975325,188.696973861
27.819273091,211.79348747
27.8459486495,197.526962182
27.8726242081,182.836618951
27.8992997666,182.847832099
27.9259753251,184.07855487
27.9526508836,197.047493541
27.9793264421,169.640463783
28.0060020007,158.758253072
28.0326775592,191.210870921
28.0593531177,197.999518377
28.0860286762,201.866260116
28.1127042347,165.1765657
28.1393797933,162.141846731
28.1660553518,190.792229808
28.1927309103,200.692498913
28.2194064688,193.641341277
28.2460820273,174.744905158
28.2727575859,199.577846885
28.2994331444,182.005461663
28.3261087029,216.068976526
28.3527842614,186.968713005
28.3794598199,183.772765428
28.4061353785,199.017442555
28.432810937,193.292147907
28.4594864955,194.876816974
28.486162054,188.947501221
28.5128376125,188.136442478
28.5395131711,191.820989236
28.5661887296,193.181808049
28.5928642881,176.995214566
28.6195398466,182.742486895
28.6462154051,195.579839038
28.6728909637,192.680936976
28.6995665222,175.689451727
28.7262420807,177.85365381
28.7529176392,153.325787758
28.7795931977,188.952778859
28.8062687563,188.435201798
28.8329443148,189.126170182
28.8596198733,198.927272284
28.8862954318,202.232445939
28.9129709903,211.414148327
28.9396465488,176.659544795
28.9663221074,190.967775622
28.9929976659,201.586525703
29.0196732244,193.123531432
29.0463487829,183.646141162
29.0730243414,185.874248408
29.0996999,196.081552163
29.1263754585,198.345822704
29.153051017,213.560268332
29.1797265755,175.905641714
29.206402134,206.107811626
29.2330776926,188.955828766
29.2597532511,189.842363463
29.2864288096,223.101434586
29.3131043681,203.79800474
29.3397799266,176.178606939
29.3664554852,197.185433139
29.3931310437,183.715301171
29.4198066022,184.045031781
29.4464821607,194.286817438
29.4731577192,210.345399617
29.4998332778,201.022793657
29.5265088363,201.00757995
29.5531843948,178.898740544
29.5798599533,174.428790505
29.6065355118,190.710342856
29.6332110704,215.185687947
29.6598866289,197.845150979
29.6865621874,142.316372962
29.7132377459,187.590797811
29.7399133044,203.586837719
29.766588863,189.196768344
29.7932644215,186.350928235
29.81993998,199.967864377
29.8466155385,193.291888527
29.873291097,189.709220222
29.8999666556,187.913356717
29.9266422141,199.036773357
29.9533177726,187.804711357
29.9799933311,189.600948366
30.0066688896,194.652858669
30.0333444481,210.470727651
30.0600200067,179.623580571
30.0866955652,174.621489708
30.1133711237,192.008874271
30.1400466822,192.627579846
30.1667222407,199.898743672
30.1933977993,188.241739954
30.2200733578,192.328715165
30.2467489163,198.609511247
30.2734244748,179.382100385
30.3001000333,184.019555354
30.3267755919,183.574166822
30.3534511504,169.883452491
30.3801267089,197.205012787
30.4068022674,204.767645209
30.4334778259,180.519389515
30.4601533845,187.564403169
30.486828943,185.079981706
30.5135045015,185.284411344
30.54018006,194.331187762
30.5668556185,189.124297164
30.5935311771,194.137239709
30.6202067356,182.686040657
30.6468822941,192.198556725
30.6735578526,193.394609065
30.7002334111,177.615123992
30.7269089697,184.752066385
30.7535845282,195.607584404
30.7802600867,182.227845674
30.8069356452,182.468492262
30.8336112037,189.76438958
30.8602867623,185.487612491
30.8869623208,202.561564568
30.9136378793,204.063991735
30.9403134378,201.354382088
30.9669889963,191.035500777
30.9936645549,189.823065356
31.0203401134,193.647480963
31.0470156719,171.201703275
31.0736912304,173.307965804
31.1003667889,183.555014844
31.1270423474,192.190829111
31.153717906,176.72070843
31.1803934645,191.276512591
31.207069023,180.845897406
31.2337445815,184.281943696
31.26042014,198.828081596
31.2870956986,184.902940348
31.3137712571,191.889135858
31.3404468156,187.328442214
31.3671223741,184.005089332
31.3937979326,194.152967281
31.4204734912,184.19189237
31.4471490497,208.735917298
31.4738246082,204.054134585
31.5005001667,191.95552261
31.5271757252,183.433688791
31.5538512838,176.277290066
31.5805268423,170.402283141
31.6072024008,175.862866985
31.6338779593,186.973419736
31.6605535178,174.488723013
31.6872290764,182.487630796
31.7139046349,183.587139998
31.7405801934,184.07525805
31.7672557519,188.477836777
31.7939313104,182.204219783
31.820606869,184.764663583
31.8472824275,203.093097818
31.873957986,206.344892294
31.9006335445,176.508457321
31.927309103,193.584055291
31.9539846616,168.453001203
31.9806602201,190.767806425
32.0073357786,204.285887494
32.0340113371,198.656150486
32.0606868956,203.412276775
32.0873624542,175.84421612
32.1140380127,164.338497902
32.1407135712,175.844426267
32.1673891297,170.626216403
32.1940646882,182.917768908
32.2207402467,192.548558076
32.2474158053,184.913886475
32.2740913638,191.459206726
32.3007669223,170.036621123
32.3274424808,195.871961402
32.3541180393,186.701907987
32.3807935979,186.82473179
32.4074691564,190.763484731
32.4341447149,177.854443333
32.4608202734,203.214358384
32.4874958319,187.302178903
32.5141713905,201.703572163
32.540846949,161.95621114
32.5675225075,196.478667908
32.594198066,193.223846331
32.6208736245,199.541830331
32.6475491831,170.921558322
32.6742247416,198.031583884
32.7009003001,186.016091102
32.7275758586,185.927668448
32.7542514171,203.882841974
32.7809269757,192.315484486
32.8076025342,215.3390624
32.8342780927,182.131259565
32.8609536512,193.561477648
32.8876292097,203.006761098
32.9143047683,186.471569984
32.9409803268,194.864466447
32.9676558853,203.780224673
32.9943314438,176.996265237
33.0210070023,210.425904411
33.0476825609,189.752260827
33.0743581194,197.218177114
33.1010336779,189.878065659
33.1277092364,162.970196618
33.1543847949,183.344748124
33.1810603535,191.478581449
33.207735912,154.424214985
33.2344114705,170.896398179
33.261087029,167.471778071
33.2877625875,185.428676278
33.314438146,184.181563839
33.3411137046,178.881876124
33.3677892631,180.44593445
33.3944648216,168.9498015
33.4211403801,195.388255711
33.4478159386,173.210773628
33.4744914972,184.087881782
33.5011670557,184.832996881
33.5278426142,195.243831535
33.5545181727,191.21081699
33.5811937312,180.187741702
33.6078692898,198.752720976
33.6345448483,188.237885091
33.6612204068,192.846594976
33.6878959653,185.221997443
33.7145715238,199.784743617
33.7412470824,183.688808361
33.7679226409,208.232344159
33.7945981994,194.38915664
33.8212737579,182.424166633
33.8479493164,190.168019504
33.874624875,182.974836646
33.9013004335,201.168904276
33.927975992,190.312453879
33.9546515505,201.225619494
33.981327109,199.618895911
34.0080026676,191.467014571
34.0346782261,187.527540789
34.0613537846,173.29867333
34.0880293431,186.297995163
34.1147049016,161.257989403
34.1413804602,214.116941765
34.1680560187,182.039772931
34.1947315772,190.921273028
34.2214071357,175.757985906
34.2480826942,204.155827337
34.2747582528,184.758753607
34.3014338113,161.620462422
34.3281093698,184.657871626
34.3547849283,191.21626541
34.3814604868,191.086905717
34.4081360453,201.703749362
34.4348116039,210.183360705
34.4614871624,199.391288035
34.4881627209,200.094025991
34.5148382794,174.394528365
34.5415138379,192.64684372
34.5681893965,172.253398074
34.594864955,191.630213475
34.6215405135,202.918178396
34.648216072,171.522618769
34.6748916305,205.72798066
34.7015671891,178.925643889
34.7282427476,170.176869414
34.7549183061,190.577480743
34.7815938646,184.648777751
34.8082694231,210.667116101
34.8349449817,200.94875258
34.8616205402,204.60571886
34.8882960987,189.415122042
34.9149716572,180.713154109
34.9416472157,180.459098649
34.9683227743,187.873442001
34.9949983328,193.941247377
35.0216738913,202.491536711
35.0483494498,168.695836724
35.0750250083,192.204395433
35.1017005669,186.753381786
35.1283761254,188.836874615
35.1550516839,199.772869707
35.1817272424,181.471320926
35.2084028009,172.662532162
35.2350783595,163.785126212
35.261753918,186.414152759
35.2884294765,211.060077681
35.315105035,185.78373455
35.3417805935,213.436166472
35.3684561521,190.24138513
35.3951317106,177.508307825
35.4218072691,178.430485761
35.4484828276,189.744140589
35.4751583861,200.074590519
35.5018339446,198.781991511
35.5285095032,171.098152399
35.5551850617,164.266264434
35.5818606202,189.367705259
35.6085361787,196.603567797
35.6352117372,195.945317052
35.6618872958,197.181099044
35.6885628543,177.490680394
35.7152384128,177.929024368
35.7419139713,184.577058322
35.7685895298,199.321553165
35.7952650884,174.561841628
35.8219406469,196.409002518
35.8486162054,179.173632088
35.8752917639,169.374431889
35.9019673224,173.320927095
35.928642881,183.301119433
35.9553184395,188.039822756
35.981993998,199.314604025
36.0086695565,202.975214962
36.035345115,176.343552898
36.0620206736,171.171412419
36.0886962321,177.463273914
36.1153717906,181.499354869
36.1420473491,214.688375559
36.1687229076,196.282884311
36.1953984662,185.542022823
36.2220740247,200.641195568
36.2487495832,177.795712169
36.2754251417,175.141122414
36.3021007002,190.13188409
36.3287762588,189.208853012
36.3554518173,202.748394732
36.3821273758,174.546238015
36.4088029343,191.480081386
36.4354784928,191.579019208
36.4621540514,180.999560794
36.4888296099,186.392410748
36.5155051684,202.965642302
36.5421807269,190.993686552
36.5688562854,179.411882709
36.5955318439,181.98205659
36.6222074025,205.947677766
36.648882961,198.896696868
36.6755585195,172.863961575
36.702234078,180.785275795
36.7289096365,171.912494695
36.7555851951,193.415534799
36.7822607536,179.971077953
36.8089363121,182.50243634
36.8356118706,174.970103801
36.8622874291,157.199983801
36.8889629877,192.629429349
36.9156385462,189.186179915
36.9423141047,197.422005831
36.9689896632,182.703588691
36.9956652217,173.958885678
37.0223407803,198.303822694
37.0490163388,175.764372649
37.0756918973,184.919937888
37.1023674558,177.415609327
37.1290430143,165.147141772
37.1557185729,185.92387387
37.1823941314,189.324021657
37.2090696899,175.514093093
37.2357452484,196.350734127
37.2624208069,177.324817561
37.2890963655,154.368737558
37.315771924,191.891168624
37.3424474825,166.310679318
37.369123041,164.000754718
37.3957985995,162.556665452
37.4224741581,196.186824464
37.4491497166,181.454102054
37.4758252751,187.66715425
37.5025008336,173.401226652
37.5291763921,178.847954157
37.5558519507,179.856996133
37.5825275092,201.578814762
37.6092030677,200.796607924
37.6358786262,178.312261946
37.6625541847,208.849418594
37.6892297432,186.358567828
37.7159053018,207.264677449
37.7425808603,187.379174181
37.7692564188,172.912365189
37.7959319773,175.253955697
37.8226075358,157.872769376
37.8492830944,191.02806448
37.8759586529,194.36619673
37.9026342114,180.569276914
37.9293097699,180.012305709
37.9559853284,143.039814278
37.982660887,160.346275582
38.0093364455,181.41065981
38.036012004,187.021110033
38.0626875625,177.651161576
38.089363121,177.939721274
38.1160386796,200.43487162
38.1427142381,203.544198481
38.1693897966,193.269240652
38.1960653551,182.601549239
38.2227409136,187.963866756
38.2494164722,173.070232526
38.2760920307,188.898512935
38.3027675892,191.167586343
38.3294431477,173.414401914
38.3561187062,188.460568253
38.3827942648,180.575146269
38.4094698233,196.808485172
38.4361453818,190.732780339
38.4628209403,174.59671125
38.4894964988,185.265625842
38.5161720574,173.34734297
38.5428476159,173.163952615
38.5695231744,193.464067101
38.5961987329,182.026376156
38.6228742914,173.648779148
38.6495498499,170.517886878
38.6762254085,176.087726871
38.702900967,181.844508312
38.7295765255,182.916733755
38.756252084,182.981540417
38.7829276425,190.523365983
38.8096032011,193.208346997
38.8362787596,179.947561474
38.8629543181,186.382433937
38.8896298766,181.89769415
38.9163054351,160.616003892
38.9429809937,188.292005972
38.9696565522,182.949084393
38.9963321107,190.973037957
39.0230076692,190.13061716
39.0496832277,185.209077054
39.0763587863,167.980842287
39.1030343448,187.490499214
39.1297099033,181.277527468
39.1563854618,185.008274812
39.1830610203,198.140608372
39.2097365789,159.833495133
39.2364121374,184.28002816
39.2630876959,188.5760325
39.2897632544,162.772633447
39.3164388129,181.148737728
39.3431143715,215.752929986
39.36978993,187.260269584
39.3964654885,202.175632027
39.423141047,146.044645791
39.4498166055,173.802990875
39.4764921641,189.203128563
39.5031677226,211.041018178
39.5298432811,180.541016627
39.5565188396,176.400654297
39.5831943981,192.801136044
39.6098699567,187.094178155
39.6365455152,168.729461691
39.6632210737,183.430264981
39.6898966322,186.279240371
39.7165721907,191.348190751
39.7432477492,174.92749585
39.7699233078,197.463210223
39.7965988663,207.33349373
39.8232744248,196.786619501
39.8499499833,191.459271721
39.8766255418,208.494788317
39.9033011004,191.297465907
39.9299766589,170.017742498
39.9566522174,166.504742625
39.9833277759,187.312532227
40.0100033344,188.7620441
40.036678893,182.886212499
40.0633544515,190.862484643
40.09003001,186.735223289
40.1167055685,167.105856842
40.143381127,166.696075366
40.1700566856,198.11304775
40.1967322441,178.769159843
40.2234078026,185.259756742
40.2500833611,184.770988318
40.2767589196,175.241575712
40.3034344782,178.737580614
40.3301100367,185.765181909
40.3567855952,180.062764696
40.3834611537,215.047832967
40.4101367122,208.578324612
40.4368122708,202.967151244
40.4634878293,188.304466395
40.4901633878,199.121806556
40.5168389463,165.247846577
40.5435145048,181.34191361
40.5701900634,180.688300157
40.5968656219,172.206430105
40.6235411804,186.428711296
40.6502167389,180.658258709
40.6768922974,189.780906906
40.703567856,155.514925677
40.7302434145,187.680666593
40.756918973,173.036188891
40.7835945315,175.615311719
40.81027009,170.333522512
40.8369456485,193.800552229
40.8636212071,188.13746023
40.8902967656,168.925256124
40.9169723241,175.735041007
40.9436478826,168.71638499
40.9703234411,170.884275616
40.9969989997,170.848629476
41.0236745582,197.676068202
41.0503501167,189.097961718
41.0770256752,195.560785232
41.1037012337,172.527079112
41.1303767923,183.253699271
41.1570523508,162.918759179
41.1837279093,185.178359943
41.2104034678,184.731668633
41.2370790263,187.623468761
41.2637545849,168.588622885
41.2904301434,171.032480377
41.3171057019,178.784572683
41.3437812604,191.503095978
41.3704568189,200.264493205
41.3971323775,186.829071575
41.423807936,186.065702226
41.4504834945,204.451681463
41.477159053,203.144256214
41.5038346115,147.990919549
41.5305101701,174.544053221
41.5571857286,171.141597126
41.5838612871,167.403339265
41.6105368456,165.863255269
41.6372124041,185.916638002
41.6638879627,163.845200282
41.6905635212,175.513561586
41.7172390797,167.569265829
41.7439146382,168.696255601
41.7705901967,178.759867435
41.7972657553,167.718229745
41.8239413138,217.781796973
41.8506168723,182.344133627
41.8772924308,204.280998219
41.9039679893,173.704255647
41.9306435478,162.676489173
41.9573191064,181.545151862
41.9839946649,184.866832535
42.0106702234,187.102938729
42.0373457819,179.473131236
42.0640213404,173.480828123
42.090696899,173.632256851
42.1173724575,166.636098828
42.144048016,189.130028111
42.1707235745,154.316128142
42.197399133,192.216161566
42.2240746916,190.17737479
42.2507502501,179.672744283
42.2774258086,162.551496189
42.3041013671,176.869417735
42.3307769256,157.145736448
42.3574524842,193.508417602
42.3841280427,184.327892175
42.4108036012,172.308552006
42.4374791597,166.741231539
42.4641547182,164.974293425
42.4908302768,188.978226327
42.5175058353,183.914738479
42.5441813938,179.926526277
42.5708569523,167.473249108
42.5975325108,178.457041012
42.6242080694,159.362272394
42.6508836279,185.203038326
42.6775591864,191.237785211
42.7042347449,172.376420015
42.7309103034,183.75649265
42.757585862,180.695072014
42.7842614205,190.534312531
42.810936979,170.064647832
42.8376125375,166.730921292
42.864288096,186.065373297
42.8909636546,198.166269905
42.9176392131,175.765539614
42.9443147716,212.367253191
42.9709903301,178.482461068
42.9976658886,183.53076853
43.0243414471,165.806171488
43.0510170057,204.097083798
43.0776925642,164.872003227
43.1043681227,175.387286692
43.1310436812,175.232410697
43.1577192397,180.821402621
43.1843947983,163.079779128
43.2110703568,148.273386687
43.2377459153,203.645390614
43.2644214738,194.532899497
43.2910970323,175.541486431
43.3177725909,195.447201841
43.3444481494,190.964165759
43.3711237079,182.62322326
43.3977992664,176.800377308
43.4244748249,186.649761094
43.4511503835,181.268159459
43.477825942,176.160076939
43.5045015005,184.356317089
43.531177059,190.86175978
43.5578526175,187.604915184
43.5845281761,184.025703284
43.6112037346,172.808497654
43.6378792931,191.529877452
43.6645548516,186.076179852
43.6912304101,172.692518123
43.7179059687,191.724530696
43.7445815272,194.403412219
43.7712570857,149.888659397
43.7979326442,175.782297973
43.8246082027,165.270750948
43.8512837613,176.0760465
43.8779593198,163.208047916
43.9046348783,188.770146858
43.9313104368,185.952293602
43.9579859953,170.928032744
43.9846615539,191.713266638
44.0113371124,193.176705148
44.0380126709,162.323601527
44.0646882294,169.6401482
44.0913637879,203.940451647
44.1180393464,182.647534235
44.144714905,182.95965655
44.1713904635,191.176594653
44.198066022,182.229643614
44.2247415805,195.499210253
44.251417139,188.861138841
44.2780926976,159.883235723
44.3047682561,187.444879783
44.3314438146,177.415029488
44.3581193731,171.329497601
44.3847949316,196.198166236
44.4114704902,180.090417358
44.4381460487,178.247055103
44.4648216072,174.199994852
44.4914971657,173.980188066
44.5181727242,165.512708242
44.5448482828,194.65040751
44.5715238413,191.122304196
44.5981993998,171.357032699
44.6248749583,186.549265487
44.6515505168,169.210404408
44.6782260754,183.749543395
44.7049016339,178.907532351
44.7315771924,190.14682851
44.7582527509,174.247703586
44.7849283094,176.907255615
44.811603868,189.228228943
44.8382794265,200.997604041
44.864954985,185.14061511
44.8916305435,171.449663865
44.918306102,178.032652761
44.9449816606,165.142099068
44.9716572191,144.357709932
44.9983327776,181.409638621
45.0250083361,206.267873781
45.0516838946,168.315178786
45.0783594532,176.604004619
45.1050350117,162.199573499
45.1317105702,190.133678241
45.1583861287,166.791958899
45.1850616872,165.044828876
45.2117372457,174.091324173
45.2384128043,185.988889773
45.2650883628,182.561162249
45.2917639213,189.832512316
45.3184394798,188.248369205
45.3451150383,176.857355664
45.3717905969,175.853590592
45.3984661554,204.961423797
45.4251417139,199.038290065
45.4518172724,182.521760794
45.4784928309,156.250378278
45.5051683895,171.36479037
45.531843948,170.830968417
45.5585195065,199.397372708
45.585195065,166.463604181
45.6118706235,170.659837021
45.6385461821,170.124713416
45.6652217406,184.209910927
45.6918972991,195.841806672
45.7185728576,188.823078608
45.7452484161,164.893260931
45.7719239747,171.450424183
45.7985995332,183.840699005
45.8252750917,190.556178689
45.8519506502,161.055209048
45.8786262087,202.105314699
45.9053017673,157.258056582
45.9319773258,182.248548606
45.9586528843,177.1013862
45.9853284428,206.009547365
46.0120040013,178.724259086
46.0386795599,178.14944103
46.0653551184,187.213957215
46.0920306769,167.113235285
46.1187062354,179.728233162
46.1453817939,170.375465831
46.1720573525,178.482361718
46.198732911,170.392976355
46.2254084695,185.131464075
46.252084028,173.715919462
46.2787595865,164.4422277
46.305435145,183.742514435
46.3321107036,165.084531046
46.3587862621,190.642397344
46.3854618206,184.569998826
46.4121373791,172.22929596
46.4388129376,176.498958815
46.4654884962,187.699117614
46.4921640547,180.399540176
46.5188396132,174.529294008
46.5455151717,192.074380968
46.5721907302,185.147239321
46.5988662888,179.04898927
46.6255418473,193.56497847
46.6522174058,159.220522613
46.6788929643,158.378090616
46.7055685228,163.580286445
46.7322440814,163.666591741
46.7589196399,182.39341576
46.7855951984,180.055318472
46.8122707569,175.239025043
46.8389463154,179.732485184
46.865621874,169.69012576
46.8922974325,170.97844098
46.918972991,182.107380114
46.9456485495,179.517337819
46.972324108,175.219473433
46.9989996666,168.174027273
47.0256752251,138.02569856
47.0523507836,158.096201012
47.0790263421,162.888850398
47.1057019006,197.683045019
47.1323774592,172.385728117
47.1590530177,167.938831143
47.1857285762,168.607862819
47.2124041347,159.42717939
47.2390796932,169.599401784
47.2657552518,183.821664302
47.2924308103,183.184463733
47.3191063688,157.861785321
47.3457819273,198.782051985
47.3724574858,191.699095657
47.3991330443,168.145974565
47.4258086029,166.960668186
47.4524841614,177.511079911
47.4791597199,183.893918334
47.5058352784,189.997604407
47.5325108369,159.000134112
47.5591863955,165.148842503
47.585861954,183.734930542
47.6125375125,168.837493029
47.639213071,197.539415411
47.6658886295,160.481479446
47.6925641881,173.339313445
47.7192397466,165.327756839
47.7459153051,190.906478528
47.7725908636,151.287064563
47.7992664221,177.014775218
47.8259419807,186.335262771
47.8526175392,193.044814286
47.8792930977,171.477681304
47.9059686562,177.10194904
47.9326442147,183.790529567
47.9593197733,158.627836823
47.9859953318,182.199115567
48.0126708903,178.78161765
48.0393464488,144.417959965
48.0660220073,165.012725965
48.0926975659,181.828749867
48.1193731244,177.328155847
48.1460486829,186.232753992
48.1727242414,165.993647281
48.1993997999,169.758838883
48.2260753585,169.351904543
48.252750917,163.785854575
48.2794264755,161.703278963
48.306102034,157.644699048
48.3327775925,158.421669074
48.3594531511,168.732812264
48.3861287096,181.667041419
48.4128042681,171.845754773
48.4394798266,178.378503028
48.4661553851,166.257201879
48.4928309436,164.555745495
48.5195065022,169.929486809
48.5461820607,169.815073024
48.5728576192,157.160982839
48.5995331777,155.532404167
48.6262087362,154.231670301
48.6528842948,167.711207334
48.6795598533,191.747871132
48.7062354118,159.314265157
48.7329109703,160.274967996
48.7595865288,185.109365364
48.7862620874,198.796980399
48.8129376459,175.479535489
48.8396132044,170.270250611
48.8662887629,182.333347412
48.8929643214,159.517618504
48.91963988,168.067026419
48.9463154385,185.285163024
48.972990997,191.719005
48.9996665555,159.406736041
49.026342114,167.239360253
49.0530176726,164.729212102
49.0796932311,170.470421213
49.1063687896,183.366784829
49.1330443481,192.321652649
49.1597199066,188.821922705
49.1863954652,149.103343718
49.2130710237,151.930043721
49.2397465822,173.302457839
49.2664221407,173.325016011
49.2930976992,180.039346225
49.3197732578,190.932605084
49.3464488163,156.61295691
49.3731243748,162.740880036
49.3997999333,170.132766054
49.4264754918,181.717612233
49.4531510504,174.16690615
49.4798266089,171.35353151
49.5065021674,180.492984551
49.5331777259,186.252429746
49.5598532844,180.733152516
49.5865288429,169.999999064
49.6132044015,160.467232589
49.63987996,151.414891097
49.6665555185,187.068101421
49.693231077,167.683742191
49.7199066355,149.419292915
49.7465821941,179.310249279
49.7732577526,169.908061408
49.7999333111,189.627333665
49.8266088696,176.159449518
49.8532844281,157.047104375
49.8799599867,183.789870539
49.9066355452,181.205758562
49.9333111037,154.704245841
49.9599866622,159.533545366
49.9866622207,187.129949247
50.0133377793,162.589435163
50.0400133378,177.887677189
50.0666888963,188.687858908
50.0933644548,171.376222244
50.1200400133,159.592251351
50.1467155719,170.735754275
50.1733911304,174.868859307
50.2000666889,170.776043969
50.2267422474,180.966405127
50.2534178059,165.126416867
50.2800933645,168.658340966
50.306768923,165.527158585
50.3334444815,174.784177093
50.36012004,182.559727162
50.3867955985,170.772560081
50.4134711571,188.600480595
50.4401467156,158.263237277
50.4668222741,174.893450526
50.4934978326,169.846238447
50.5201733911,189.042567424
50.5468489496,166.746457395
50.5735245082,188.112555585
50.6002000667,178.420533189
50.6268756252,181.475232702
50.6535511837,175.375431129
50.6802267422,160.665091326
50.7069023008,171.627475737
50.7335778593,185.90544505
50.7602534178,174.270701967
50.7869289763,177.760657299
50.8136045348,173.469552078
50.8402800934,171.165682059
50.8669556519,176.257923194
50.8936312104,197.286077821
50.9203067689,162.382239066
50.9469823274,176.548367634
50.973657886,180.252364502
51.0003334445,188.646683383
51.027009003,195.403414334
51.0536845615,179.390336437
51.08036012,184.952645129
51.1070356786,177.136571705
51.1337112371,166.069196571
51.1603867956,185.204932728
51.1870623541,166.649867316
51.2137379126,178.723452327
51.2404134712,205.060665703
51.2670890297,184.480526518
51.2937645882,161.721037397
51.3204401467,181.339913628
51.3471157052,168.99561257
51.3737912638,167.527452419
51.4004668223,172.451566471
51.4271423808,156.865958175
51.4538179393,179.945190218
51.4804934978,180.08339967
51.5071690564,163.869680112
51.5338446149,160.046177469
51.5605201734,175.650958816
51.5871957319,186.279097819
51.6138712904,193.397309016
51.6405468489,146.522119679
51.6672224075,186.248052292
51.693897966,182.317712379
51.7205735245,168.579403867
51.747249083,174.544068862
51.7739246415,165.483592894
51.8006002001,161.560793273
51.8272757586,191.110870351
51.8539513171,162.366749908
51.8806268756,182.287204417
51.9073024341,179.882169063
51.9339779927,169.602988612
51.9606535512,142.438603667
51.9873291097,156.834806016
52.0140046682,188.513786766
52.0406802267,146.414173009
52.0673557853,188.738892499
52.0940313438,179.504796158
52.1207069023,187.507106792
52.1473824608,171.653669526
52.1740580193,158.058366602
52.2007335779,174.603347368
52.2274091364,190.220236115
52.2540846949,175.766075752
52.2807602534,165.389990218
52.3074358119,172.858519263
52.3341113705,154.772921136
52.360786929,178.9231937
52.3874624875,194.146914199
52.414138046,152.665404453
52.4408136045,169.075157012
52.4674891631,155.138361258
52.4941647216,187.68005416
52.5208402801,177.614868014
52.5475158386,193.846178163
52.5741913971,159.863943063
52.6008669557,178.099083907
52.6275425142,186.917862599
52.6542180727,174.865582815
52.6808936312,184.226534094
52.7075691897,168.315914541
52.7342447482,168.363878985
52.7609203068,191.991574566
52.7875958653,163.445908926
52.8142714238,176.171065604
52.8409469823,168.735428157
52.8676225408,166.39907505
52.8942980994,173.741178715
52.9209736579,172.280584217
52.9476492164,167.31878287
52.9743247749,195.238857458
53.0010003334,164.194161699
53.027675892,196.587210109
53.0543514505,181.177353537
53.081027009,182.676543543
53.1077025675,168.041587957
53.134378126,178.090411926
53.1610536846,162.566406048
53.1877292431,161.315752324
53.2144048016,177.04730345
53.2410803601,183.380539681
53.2677559186,178.433618626
53.2944314772,155.214486045
53.3211070357,180.549957787
53.3477825942,168.977371713
53.3744581527,199.879454042
53.4011337112,195.223312769
53.4278092698,175.043543393
53.4544848283,192.563933341
53.4811603868,163.190506762
53.5078359453,168.459441136
53.5345115038,179.716717134
53.5611870624,185.220489417
53.5878626209,152.389425606
53.6145381794,163.61225854
53.6412137379,176.086626885
53.6678892964,161.703919145
53.694564855,171.424147445
53.7212404135,183.145438347
53.747915972,175.24863607
53.7745915305,163.940836404
53.801267089,187.921244971
53.8279426475,177.912746911
53.8546182061,155.684862715
53.8812937646,181.950945832
53.9079693231,156.68697963
53.9346448816,158.643959974
53.9613204401,178.04295199
53.9879959987,187.789145797
54.0146715572,162.359597481
54.0413471157,172.487833516
54.0680226742,171.086153469
54.0946982327,185.905273343
54.1213737913,172.565974225
54.1480493498,187.319211838
54.1747249083,201.510286711
54.2014004668,154.253550288
54.2280760253,169.448113005
54.2547515839,166.930482752
54.2814271424,190.173680284
54.3081027009,148.729106472
54.3347782594,147.578880286
54.3614538179,193.642173572
54.3881293765,167.327566588
54.414804935,172.143876974
54.4414804935,172.572450118
54.468156052,177.133689391
54.4948316105,151.3200593
54.5215071691,172.891073109
54.5481827276,181.881138757
54.5748582861,188.718732594
54.6015338446,157.055173702
54.6282094031,176.743708227
54.6548849617,173.08055318
54.6815605202,143.998788544
54.7082360787,160.946492345
54.7349116372,176.911271958
54.7615871957,154.584897096
54.7882627543,181.005166404
54.8149383128,152.892247642
54.8416138713,159.577439887
54.8682894298,172.705149369
54.8949649883,172.677291354
54.9216405468,163.318016449
54.9483161054,180.264648948
54.9749916639,162.54173901
55.0016672224,180.918268682
55.0283427809,177.999837585
55.0550183394,157.22591818
55.081693898,174.799038869
55.1083694565,183.670177926
55.135045015,176.772116591
55.1617205735,182.092093805
55.188396132,178.204678129
55.2150716906,196.158361702
55.2417472491,151.824579522
55.2684228076,173.691954269
55.2950983661,174.426183847
55.3217739246,172.813583885
55.3484494832,145.288429065
55.3751250417,181.751284834
55.4018006002,181.576272319
55.4284761587,172.414885222
55.4551517172,143.103732818
55.4818272758,163.346980861
55.5085028343,152.690690776
55.5351783928,161.856622082
55.5618539513,172.908126712
55.5885295098,162.71186733
55.6152050684,188.297894148
55.6418806269,158.155160613
55.6685561854,184.88311993
55.6952317439,155.08855308
55.7219073024,177.953689673
55.748582861,200.449788118
55.7752584195,168.482764547
55.801933978,164.409009047
55.8286095365,160.431517366
55.855285095,169.306663701
55.8819606536,156.037403634
55.9086362121,184.646481636
55.9353117706,166.080002192
55.9619873291,188.294425749
55.9886628876,193.484072835
56.0153384461,165.770691904
56.0420140047,163.068622808
56.0686895632,138.625773356
56.0953651217,166.163415077
56.1220406802,178.747917739
56.1487162387,185.072884896
56.1753917973,163.845046094
56.2020673558,152.177278741
56.2287429143,172.415405905
56.2554184728,163.635118548
56.2820940313,168.157285845
56.3087695899,170.160516101
56.3354451484,177.053550243
56.3621207069,187.88548796
56.3887962654,172.968386415
56.4154718239,173.99885654
56.4421473825,172.26930811
56.468822941,164.061008553
56.4954984995,155.90330263
56.522174058,143.849124985
56.5488496165,177.700203172
56.5755251751,148.215545602
56.6022007336,169.791839668
56.6288762921,161.559406098
56.6555518506,156.153868085
56.6822274091,177.276184222
56.7089029677,180.065444611
56.7355785262,158.22030742
56.7622540847,185.129494885
56.7889296432,175.206926494
56.8156052017,144.240786273
56.8422807603,168.117377816
56.8689563188,177.496234195
56.8956318773,171.677699425
56.9223074358,176.220396939
56.9489829943,177.275557668
56.9756585529,164.699657691
57.0023341114,177.558249613
57.0290096699,165.201053864
57.0556852284,179.586367793
57.0823607869,174.023315909
57.1090363454,171.713057392
57.135711904,190.582439417
57.1623874625,167.841377525
57.189063021,149.972876109
57.2157385795,187.827561099
57.242414138,178.728818715
57.2690896966,162.01851955
57.2957652551,161.643482769
57.3224408136,176.346090753
57.3491163721,169.432767162
57.3757919306,171.751988964
57.4024674892,170.134461607
57.4291430477,174.204499592
57.4558186062,169.518694208
57.4824941647,174.554491526
57.5091697232,182.398366842
57.5358452818,178.378127795
57.5625208403,177.794553614
57.5891963988,168.901857702
57.6158719573,172.419667477
57.6425475158,153.438363391
57.6692230744,189.860889364
57.6958986329,168.902279252
57.7225741914,198.020385121
57.7492497499,177.474378529
57.7759253084,170.335787245
57.802600867,154.927522865
57.8292764255,167.211015142
57.855951984,180.605662544
57.8826275425,189.622306463
57.909303101,139.785037545
57.9359786596,184.646283022
57.9626542181,181.050470468
57.9893297766,160.118089848
58.0160053351,157.732971989
58.0426808936,150.756591165
58.0693564522,163.850787018
58.0960320107,157.138386689
58.1227075692,162.655261364
58.1493831277,176.124688515
58.1760586862,178.235467564
58.2027342447,185.861830732
58.2294098033,171.944768715
58.2560853618,158.444767893
58.2827609203,161.035477471
58.3094364788,166.220057721
58.3361120373,169.083293056
58.3627875959,166.0629071
58.3894631544,172.158876223
58.4161387129,172.495850784
58.4428142714,184.076195108
58.4694898299,178.500106731
58.4961653885,178.232467022
58.522840947,164.992307529
58.5495165055,179.661612562
58.576192064,169.290684573
58.6028676225,188.627162377
58.6295431811,153.327471593
58.6562187396,176.801176732
58.6828942981,169.641432922
58.7095698566,193.377958904
58.7362454151,188.275766187
58.7629209737,163.16327661
58.7895965322,166.851262729
58.8162720907,170.799572692
58.8429476492,177.62540961
58.8696232077,166.48215902
58.8962987663,185.094748494
58.9229743248,157.715398481
58.9496498833,162.014055299
58.9763254418,162.215024701
59.0030010003,193.010395475
59.0296765589,164.055181953
59.0563521174,180.85631543
59.0830276759,162.637270635
59.1097032344,158.620922462
59.1363787929,173.75619467
59.1630543515,159.023723184
59.18972991,169.668452397
59.2164054685,170.796355005
59.243081027,156.216498294
59.2697565855,168.766943246
59.296432144,151.066254552
59.3231077026,166.225495775
59.3497832611,145.940949269
59.3764588196,166.31707801
59.4031343781,188.566445034
59.4298099366,170.696661128
59.4564854952,164.841826709
59.4831610537,141.820493074
59.5098366122,164.027459813
59.5365121707,166.677822754
59.5631877292,162.769183436
59.5898632878,168.988175514
59.6165388463,155.674602323
59.6432144048,158.984628735
59.6698899633,183.654503767
59.6965655218,174.580049276
59.7232410804,163.84209504
59.7499166389,170.116369542
59.7765921974,179.968678891
59.8032677559,164.115651983
59.8299433144,168.519207042
59.856618873,190.309353371
59.8832944315,146.082640394
59.90996999,182.189153499
59.9366455485,186.018311844
59.963321107,175.716213789
59.9899966656,158.568555213
60.0166722241,170.140762741
60.0433477826,169.477444233
60.0700233411,154.250939227
60.0966988996,166.771560761
60.1233744582,147.427196833
60.1500500167,169.725422144
60.1767255752,165.555879093
60.2034011337,157.057322076
60.2300766922,181.006217174
60.2567522508,183.608160881
60.2834278093,178.74231619
60.3101033678,155.257145241
60.3367789263,165.782683315
60.3634544848,165.514977607
60.3901300433,172.157304414
60.4168056019,177.860090474
60.4434811604,195.741889251
60.4701567189,167.554146499
60.4968322774,168.191912793
60.5235078359,150.796504543
60.5501833945,167.04177058
60.576858953,166.540829368
60.6035345115,170.536682579
60.63021007,150.480166917
60.6568856285,187.572751458
60.6835611871,170.150986982
60.7102367456,155.908492165
60.7369123041,173.636051458
60.7635878626,194.572907745
60.7902634211,175.639478411
60.8169389797,184.007625459
60.8436145382,157.229538319
60.8702900967,184.162943234
60.8969656552,162.59477148
60.9236412137,156.159143146
60.9503167723,164.120985122
60.9769923308,167.380661152
61.0036678893,168.196651935
61.0303434478,147.417701112
61.0570190063,174.273290771
61.0836945649,179.826121159
61.1103701234,183.159698996
61.1370456819,166.912046091
61.1637212404,171.251625003
61.1903967989,193.560033428
61.2170723575,173.939364596
61.243747916,154.729976704
61.2704234745,150.105073235
61.297099033,174.113642241
61.3237745915,179.044286216
61.3504501501,143.415654049
61.3771257086,191.891384552
61.4038012671,160.860408047
61.4304768256,172.521557567
61.4571523841,160.354122281
61.4838279426,149.514048153
61.5105035012,167.274067564
61.5371790597,168.464408907
61.5638546182,184.911623014
61.5905301767,177.290477382
61.6172057352,177.12109461
61.6438812938,154.273838468
61.6705568523,149.451997152
61.6972324108,176.800095926
61.7239079693,160.945808029
61.7505835278,171.153156464
61.7772590864,175.716469587
61.8039346449,153.933890315
61.8306102034,187.002697945
61.8572857619,153.178614405
61.8839613204,175.300281799
61.910636879,181.32749914
61.9373124375,176.441892376
61.963987996,140.637233557
61.9906635545,176.338201381
62.017339113,167.646964752
62.0440146716,162.233572941
62.0706902301,166.983247973
62.0973657886,141.698311025
62.1240413471,166.627931405
62.1507169056,140.497917494
62.1773924642,182.673429606
62.2040680227,173.0520783
62.2307435812,197.876132603
62.2574191397,170.137330261
62.2840946982,166.379276748
62.3107702568,174.778224456
62.3374458153,196.371820854
62.3641213738,154.122361248
62.3907969323,147.243178344
62.4174724908,164.510896526
62.4441480493,174.984429181
62.4708236079,183.51461859
62.4974991664,187.420491596
62.5241747249,159.870565094
62.5508502834,169.380099164
62.5775258419,149.80978173
62.6042014005,131.979182718
62.630876959,156.480920528
62.6575525175,167.993909167
62.684228076,189.546336705
62.7109036345,175.02919273
62.7375791931,147.264569809
62.7642547516,175.479999558
62.7909303101,167.688709141
62.8176058686,186.879460104
62.8442814271,170.248635394
62.8709569857,194.563633319
62.8976325442,146.896535687
62.9243081027,188.738332494
62.9509836612,156.735530251
62.9776592197,146.680048874
63.0043347783,148.99766201
63.0310103368,154.859756486
63.0576858953,157.879075039
63.0843614538,147.204562621
63.1110370123,162.336743439
63.1377125709,173.893051719
63.1643881294,183.583133417
63.1910636879,169.86183262
63.2177392464,137.313721757
63.2444148049,164.800851103
63.2710903635,164.701571752
63.297765922,158.116718211
63.3244414805,168.018637956
63.351117039,188.278860046
63.3777925975,155.444231863
63.4044681561,172.866062583
63.4311437146,172.723961816
63.4578192731,164.193421797
63.4844948316,159.337537673
63.5111703901,151.503411368
63.5378459486,173.049082515
63.5645215072,168.486082957
63.5911970657,158.009628574
63.6178726242,188.686222301
63.6445481827,185.867965224
63.6712237412,148.012969595
63.6978992998,189.848551402
63.7245748583,162.726272845
63.7512504168,171.542874262
63.7779259753,164.203414495
63.8046015338,166.033540159
63.8312770924,169.367993173
63.8579526509,155.963517286
63.8846282094,146.578752977
63.9113037679,170.284976995
63.9379793264,175.415039053
63.964654885,159.535392175
63.9913304435,161.499217125
64.018006002,156.085497016
64.0446815605,184.053603098
64.071357119,172.777614467
64.0980326776,173.780912825
64.1247082361,171.157422032
64.1513837946,178.605502464
64.1780593531,170.410046762
64.2047349116,180.027571243
64.2314104702,173.31549774
64.2580860287,158.868860095
64.2847615872,173.067557864
64.3114371457,153.667506038
64.3381127042,165.746970158
64.3647882628,182.599404634
64.3914638213,163.409662968
64.4181393798,164.183254913
64.4448149383,175.590012526
64.4714904968,168.20059691
64.4981660554,160.546901308
64.5248416139,170.464286216
64.5515171724,186.793961706
64.5781927309,146.64902657
64.6048682894,173.37225553
64.6315438479,151.482042307
64.6582194065,178.867975305
64.684894965,177.05588958
64.7115705235,164.832692965
64.738246082,193.812884147
64.7649216405,167.776703593
64.7915971991,162.560530499
64.8182727576,165.853396757
64.8449483161,168.127890653
64.8716238746,152.822229981
64.8982994331,148.996836565
64.9249749917,142.902096861
64.9516505502,154.598416235
64.9783261087,185.153027858
65.0050016672,178.318608545
65.0316772257,179.935477231
65.0583527843,175.128664543
65.0850283428,163.294596061
65.1117039013,180.640735193
65.1383794598,191.970915297
65.1650550183,159.969559166
65.1917305769,153.145985449
65.2184061354,161.599459468
65.2450816939,145.83064834
65.2717572524,180.299305005
65.2984328109,166.410479725
65.3251083695,159.173890425
65.351783928,171.412218496
65.3784594865,163.396041251
65.405135045,148.129592558
65.4318106035,181.138387442
65.4584861621,153.20317478
65.4851617206,152.057962511
65.5118372791,170.632705195
65.5385128376,158.289566214
65.5651883961,167.868891213
65.5918639547,171.216072075
65.6185395132,187.102298867
65.6452150717,156.833399266
65.6718906302,174.373507028
65.6985661887,181.647164012
65.7252417472,155.635570159
65.7519173058,154.015473336
65.7785928643,160.341723361
65.8052684228,150.314602313
65.8319439813,180.71678565
65.8586195398,163.687158184
65.8852950984,163.527924949
65.9119706569,174.601825989
65.9386462154,172.838014188
65.9653217739,156.846435622
65.9919973324,147.082379304
66.018672891,169.109130926
66.0453484495,188.758755421
66.072024008,157.103790388
66.0986995665,165.612529692
66.125375125,153.607268566
66.1520506836,162.946288717
66.1787262421,161.648908927
66.2054018006,157.120796905
66.2320773591,201.085470191
66.2587529176,175.908549152
66.2854284762,192.705456616
66.3121040347,181.455854213
66.3387795932,180.950764694
66.3654551517,139.52002115
66.3921307102,146.943830715
66.4188062688,173.552970131
66.4454818273,142.370294129
66.4721573858,161.754892536
66.4988329443,159.238982676
66.5255085028,166.480692012
66.5521840614,152.935681089
66.5788596199,176.61991422
66.6055351784,146.167917409
66.6322107369,170.188745267
66.6588862954,161.866722801
66.685561854,177.820215093
66.7122374125,155.811862497
66.738912971,151.576687668
66.7655885295,168.415299718
66.792264088,160.45177676
66.8189396465,169.274705931
66.8456152051,188.621421433
66.8722907636,157.493297076
66.8989663221,188.054482283
66.9256418806,175.267084033
66.9523174391,174.320096692
66.9789929977,175.675850429
67.0056685562,177.880384814
67.0323441147,154.214311322
67.0590196732,165.99535856
67.0856952317,183.858626794
67.1123707903,133.518898922
67.1390463488,155.930871969
67.1657219073,158.643329558
67.1923974658,144.140897894
67.2190730243,173.625003549
67.2457485829,158.305429174
67.2724241414,186.635928608
67.2990996999,169.673693566
67.3257752584,151.405900752
67.3524508169,169.599292776
67.3791263755,152.921123703
67.405801934,150.994533605
67.4324774925,161.300455371
67.459153051,172.744730464
67.4858286095,142.52799652
67.5125041681,159.730172488
67.5391797266,157.263060784
67.5658552851,144.07347034
67.5925308436,142.656429546
67.6192064021,172.383719834
67.6458819607,164.70794257
67.6725575192,180.352280678
67.6992330777,161.677788866
67.7259086362,157.393804941
67.7525841947,177.128175629
67.7792597533,159.129496706
67.8059353118,167.342323848
67.8326108703,174.274049664
67.8592864288,167.368927351
67.8859619873,161.782525238
67.9126375458,164.052870132
67.9393131044,167.123849174
67.9659886629,168.295643201
67.9926642214,168.522932859
68.0193397799,160.825560055
68.0460153384,179.136653376
68.072690897,174.88268623
68.0993664555,172.100128103
68.126042014,157.124428999
68.1527175725,161.119901929
68.179393131,157.513331197
68.2060686896,141.64848791
68.2327442481,156.362352166
68.2594198066,158.855022937
68.2860953651,170.084860608
68.3127709236,161.142769637
68.3394464822,161.433316981
68.3661220407,159.850163181
68.3927975992,148.73780014
68.4194731577,148.550251274
68.4461487162,149.996053022
68.4728242748,177.437591652
68.4994998333,173.769013045
68.5261753918,171.991891154
68.5528509503,162.183346189
68.5795265088,159.563663255
68.6062020674,145.265287662
68.6328776259,164.006098818
68.6595531844,166.60019986
68.6862287429,149.881079879
68.7129043014,162.241147928
68.73957986,188.861434434
68.7662554185,162.838180053
68.792930977,153.496434494
68.8196065355,182.037233344
68.846282094,145.016195536
68.8729576526,160.483622311
68.8996332111,165.971778055
68.9263087696,178.922269873
68.9529843281,160.784710826
68.9796598866,169.454284978
69.0063354451,150.877469914
69.0330110037,164.203792633
69.0596865622,168.730734735
69.0863621207,193.995651755
69.1130376792,168.915028852
69.1397132377,173.096904736
69.1663887963,172.397679192
69.1930643548,163.160668227
69.2197399133,153.802339523
69.2464154718,149.924386392
69.2730910303,149.814878461
69.2997665889,179.504363424
69.3264421474,143.673666633
69.3531177059,155.670028331
69.3797932644,186.18656643
69.4064688229,173.019834588
69.4331443815,157.449685858
69.45981994,171.014011635
69.4864954985,154.550608136
69.513171057,151.575987025
69.5398466155,157.229629509
69.5665221741,167.757857529
69.5931977326,164.544204445
69.6198732911,181.713881416
69.6465488496,165.45966399
69.6732244081,175.730816559
69.6998999667,175.984391263
69.7265755252,147.872234341
69.7532510837,164.016041055
69.7799266422,187.812781691
69.8066022007,159.55918499
69.8332777593,152.083484692
69.8599533178,145.923303495
69.8866288763,158.113629373
69.9133044348,175.439275441
69.9399799933,169.714646206
69.9666555519,144.165415502
69.9933311104,159.798283433
70.0200066689,165.447689604
70.0466822274,151.038149495
70.0733577859,167.757902075
70.1000333444,151.552609066
70.126708903,139.609199962
70.1533844615,131.32137456
70.18006002,154.87506305
70.2067355785,156.269408621
70.233411137,162.542467991
70.2600866956,162.709523558
70.2867622541,182.869496733
70.3134378126,176.382618165
70.3401133711,159.150624372
70.3667889296,155.798970114
70.3934644882,158.399111607
70.4201400467,161.342393228
70.4468156052,175.73913888
70.4734911637,157.530668093
70.5001667222,180.140699288
70.5268422808,145.598248786
70.5535178393,172.20871363
70.5801933978,133.946760057
70.6068689563,153.241244299
70.6335445148,172.320965242
70.6602200734,133.978367532
70.6868956319,156.902636891
70.7135711904,149.919529815
70.7402467489,167.02755607
70.7669223074,163.396955012
70.793597866,156.338850649
70.8202734245,173.614243371
70.846948983,168.604043828
70.8736245415,159.177682968
70.9003001,170.355637749
70.9269756586,159.886162698
70.9536512171,153.642929115
70.9803267756,162.650433529
71.0070023341,156.67203441
71.0336778926,162.619588744
71.0603534512,181.52985698
71.0870290097,152.924319935
71.1137045682,154.588663288
71.1403801267,170.723092438
71.1670556852,175.363074135
71.1937312437,147.600012332
71.2204068023,151.212506243
71.2470823608,155.893598351
71.2737579193,176.982936884
71.3004334778,156.463889843
71.3271090363,166.634150066
71.3537845949,151.52261958
71.3804601534,172.842997635
71.4071357119,163.0291036
71.4338112704,160.191948018
71.4604868289,150.575299507
71.4871623875,154.346011073
71.513837946,170.587566827
71.5405135045,147.124262101
71.567189063,162.877931247
71.5938646215,149.701802131
71.6205401801,178.411212579
71.6472157386,144.879944011
71.6738912971,160.103546841
71.7005668556,164.362651195
71.7272424141,150.738783258
71.7539179727,144.053671984
71.7805935312,165.407728597
71.8072690897,157.870049798
71.8339446482,165.51224151
71.8606202067,160.601669608
71.8872957653,161.971529627
71.9139713238,174.458405854
71.9406468823,163.636861221
71.9673224408,162.10002294
71.9939979993,164.250224276
72.0206735579,167.048348923
72.0473491164,156.006131007
72.0740246749,173.578654364
72.1007002334,177.228713603
72.1273757919,144.859029675
72.1540513505,171.621689279
72.180726909,135.256046699
72.2074024675,180.553189591
72.234078026,157.185004013
72.2607535845,156.735684628
72.287429143,140.38828157
72.3141047016,142.514403399
72.3407802601,163.37892359
72.3674558186,161.353446452
72.3941313771,170.83548799
72.4208069356,150.243275738
72.4474824942,178.966654365
72.4741580527,154.860025157
72.5008336112,147.633020404
72.5275091697,158.100307606
72.5541847282,160.988260581
72.5808602868,177.032010944
72.6075358453,169.548242727
72.6342114038,160.878717118
72.6608869623,160.511535013
72.6875625208,174.51314151
72.7142380794,164.498127165
72.7409136379,149.578879387
72.7675891964,179.987940772
72.7942647549,158.155593256
72.8209403134,161.384171802
72.847615872,156.280514185
72.8742914305,137.138137664
72.900966989,167.779775373
72.9276425475,161.275497412
72.954318106,149.638351851
72.9809936646,154.149659908
73.0076692231,175.78408645
73.0343447816,170.28962768
73.0610203401,144.749175245
73.0876958986,171.897917145
73.1143714572,166.44191072
73.1410470157,156.696822518
73.1677225742,161.069862969
73.1943981327,161.902912336
73.2210736912,153.813009891
73.2477492497,179.061771018
73.2744248083,166.307387248
73.3011003668,157.003565259
73.3277759253,144.945070023
73.3544514838,165.357050572
73.3811270423,154.418870122
73.4078026009,166.699014781
73.4344781594,148.002147373
73.4611537179,150.455816151
73.4878292764,168.24834535
73.5145048349,157.537259568
73.5411803935,149.020028218
73.567855952,150.308312476
73.5945315105,152.181587395
73.621207069,155.637389802
73.6478826275,148.670158477
73.6745581861,170.113197909
73.7012337446,164.803673689
73.7279093031,163.721713733
73.7545848616,167.839032314
73.7812604201,156.081344234
73.8079359787,179.597124351
73.8346115372,160.187317251
73.8612870957,176.820476949
73.8879626542,181.849484519
73.9146382127,173.818446248
73.9413137713,169.481727158
73.9679893298,167.583584797
73.9946648883,155.553554587
74.0213404468,145.237134114
74.0480160053,146.85946729
74.0746915639,149.858686801
74.1013671224,146.68802038
74.1280426809,136.738085117
74.1547182394,134.571387724
74.1813937979,161.003314872
74.2080693565,158.736165445
74.234744915,155.790025213
74.2614204735,162.601498135
74.288096032,173.770480573
74.3147715905,151.674958464
74.341447149,149.47418006
74.3681227076,156.563443989
74.3947982661,175.486923992
74.4214738246,159.95078289
74.4481493831,156.709225312
74.4748249416,149.808852522
74.5015005002,165.026346023
74.5281760587,160.308321542
74.5548516172,150.078518212
74.5815271757,160.829874364
74.6082027342,158.00589722
74.6348782928,130.248660515
74.6615538513,160.013235705
74.6882294098,145.445556638
74.7149049683,174.096225535
74.7415805268,164.777308798
74.7682560854,167.108931232
74.7949316439,157.765710983
74.8216072024,142.797551658
74.8482827609,161.268165205
74.8749583194,171.415522452
74.901633878,155.097751631
74.9283094365,155.099117093
74.954984995,170.761630298
74.9816605535,164.81153692
75.008336112,146.885522885
75.0350116706,168.485498681
75.0616872291,166.427371008
75.0883627876,181.572653441
75.1150383461,144.238228274
75.1417139046,168.346637598
75.1683894632,162.799834231
75.1950650217,167.97567614
75.2217405802,140.587064816
75.2484161387,155.772318219
75.2750916972,162.359607635
75.3017672558,172.208805339
75.3284428143,159.272893322
75.3551183728,168.479404733
75.3817939313,152.045933532
75.4084694898,160.587821985
75.4351450483,160.456362655
75.4618206069,141.838900936
75.4884961654,149.530530797
75.5151717239,139.389479408
75.5418472824,151.507254297
75.5685228409,157.521162774
75.5951983995,146.405443574
75.621873958,151.606605235
75.6485495165,152.152386753
75.675225075,161.321520142
75.7019006335,163.215510134
75.7285761921,159.91566719
75.7552517506,143.890523962
75.7819273091,140.989063448
75.8086028676,159.316955286
75.8352784261,163.594536972
75.8619539847,141.859463575
75.8886295432,161.316183748
75.9153051017,168.542839053
75.9419806602,162.841582055
75.9686562187,167.059264403
75.9953317773,159.114272468
76.0220073358,158.648175847
76.0486828943,137.528646347
76.0753584528,170.768766634
76.1020340113,151.135629647
76.1287095699,160.914180825
76.1553851284,154.429088321
76.1820606869,161.225342632
76.2087362454,138.407031724
76.2354118039,157.699885309
76.2620873625,146.576163196
76.288762921,148.451721772
76.3154384795,140.115574016
76.342114038,138.287667369
76.3687895965,158.309277993
76.3954651551,157.547950129
76.4221407136,148.381882063
76.4488162721,160.068001721
76.4754918306,151.446492562
76.5021673891,160.516522136
76.5288429476,147.615212219
76.5555185062,154.820993658
76.5821940647,167.402792053
76.6088696232,162.494268997
76.6355451817,164.453328663
76.6622207402,167.944606741
76.6888962988,155.890556783
76.7155718573,152.396258482
76.7422474158,157.415120039
76.7689229743,148.973237132
76.7955985328,152.263901702
76.8222740914,170.058349219
76.8489496499,185.23943037
76.8756252084,158.772332653
76.9023007669,155.38728197
76.9289763254,170.684775624
76.955651884,152.441943483
76.9823274425,154.514903185
77.009003001,149.063162481
77.0356785595,166.355454689
77.062354118,146.976141064
77.0890296766,159.070351481
77.1157052351,142.959965367
77.1423807936,158.861283917
77.1690563521,169.292402905
77.1957319106,155.247828716
77.2224074692,179.122544308
77.2490830277,137.125462442
77.2757585862,159.082470648
77.3024341447,155.60412395
77.3291097032,170.817140662
77.3557852618,152.644043257
77.3824608203,139.747830178
77.4091363788,151.014091647
77.4358119373,164.483479356
77.4624874958,142.440220702
77.4891630544,156.811741755
77.5158386129,157.6827387
77.5425141714,175.339127194
77.5691897299,165.418601032
77.5958652884,168.045341747
77.6225408469,162.1400458
77.6492164055,163.741225212
77.675891964,148.624012432
77.7025675225,164.898306459
77.729243081,136.501789435
77.7559186395,171.21934834
77.7825941981,158.324508081
77.8092697566,159.922704628
77.8359453151,156.325111189
77.8626208736,152.321334716
77.8892964321,160.611302274
77.9159719907,168.291833209
77.9426475492,169.226835129
77.9693231077,167.627824261
77.9959986662,163.24995061
78.0226742247,144.118909783
78.0493497833,181.599503095
78.0760253418,168.125632835
78.1027009003,136.745383253
78.1293764588,164.397060851
78.1560520173,152.193440819
78.1827275759,139.040313409
78.2094031344,154.721529768
78.2360786929,139.408650595
78.2627542514,159.820692347
78.2894298099,169.846131968
78.3161053685,176.244788716
78.342780927,129.548471074
78.3694564855,155.001802305
78.396132044,175.270772231
78.4228076025,139.743139076
78.4494831611,147.624009117
78.4761587196,160.36249765
78.5028342781,168.735189362
78.5295098366,170.151108362
78.5561853951,149.172165887
78.5828609537,138.700772068
78.6095365122,150.717238147
78.6362120707,169.968865427
78.6628876292,158.218158802
78.6895631877,143.789617439
78.7162387462,175.916073531
78.7429143048,166.283579226
78.7695898633,152.46136759
78.7962654218,163.988005901
78.8229409803,149.819129186
78.8496165388,142.788730414
78.8762920974,163.221609823
78.9029676559,149.703844783
78.9296432144,142.234724843
78.9563187729,174.680630324
78.9829943314,164.023088034
79.00966989,153.503693394
79.0363454485,155.347639385
79.063021007,150.007117199
79.0896965655,153.412568501
79.116372124,160.629288378
79.1430476826,135.746273653
79.1697232411,130.879099469
79.1963987996,129.159406059
79.2230743581,156.21901068
79.2497499166,165.918374488
79.2764254752,136.482847408
79.3031010337,165.686678978
79.3297765922,177.120131304
79.3564521507,159.348459782
79.3831277092,159.337074696
79.4098032678,171.112768996
79.4364788263,153.810679542
79.4631543848,153.062532584
79.4898299433,141.464889381
79.5165055018,142.209497495
79.5431810604,164.765968671
79.5698566189,160.883007543
79.5965321774,158.319901011
79.6232077359,175.174292256
79.6498832944,158.018826062
79.676558853,164.580666491
79.7032344115,156.582533108
79.72990997,141.784362762
79.7565855285,154.416206792
79.783261087,160.40362155
79.8099366455,128.784903053
79.8366122041,130.843273806
79.8632877626,151.199156141
79.8899633211,136.832397459
79.9166388796,173.788981536
79.9433144381,152.077452808
79.9699899967,165.479333106
79.9966655552,169.705572943
80.0233411137,140.027512124
80.0500166722,159.416903373
80.0766922307,152.840810451
80.1033677893,143.533933889
80.1300433478,160.255043092
80.1567189063,155.167991527
80.1833944648,142.677929709
80.2100700233,165.711916484
80.2367455819,146.812175595
80.2634211404,149.603064337
80.2900966989,151.917811907
80.3167722574,129.468870199
80.3434478159,148.33718706
80.3701233745,158.168798705
80.396798933,146.015500573
80.4234744915,124.312810925
80.45015005,139.53742739
80.4768256085,152.261217183
80.5035011671,134.626021268
80.5301767256,132.981891189
80.5568522841,157.373251732
80.5835278426,142.331546623
80.6102034011,152.094619153
80.6368789597,142.435408375
80.6635545182,173.155726696
80.6902300767,141.582416659
80.7169056352,157.434993179
80.7435811937,155.342369616
80.7702567523,137.433754568
80.7969323108,159.643801832
80.8236078693,156.98351311
80.8502834278,156.312382938
80.8769589863,182.248505862
80.9036345448,141.538480299
80.9303101034,172.932116879
80.9569856619,158.08004261
80.9836612204,143.827574863
81.0103367789,156.677557294
81.0370123374,138.059402613
81.063687896,144.214621812
81.0903634545,153.966249515
81.117039013,138.657356802
81.1437145715,145.322141077
81.17039013,151.802981045
81.1970656886,160.875365017
81.2237412471,151.983871704
81.2504168056,158.587514086
81.2770923641,158.161693932
81.3037679226,149.890094861
81.3304434812,149.042934296
81.3571190397,147.293592382
81.3837945982,149.809289367
81.4104701567,169.02686998
81.4371457152,142.143893797
81.4638212738,150.816246287
81.4904968323,178.183916536
81.5171723908,165.488482463
81.5438479493,144.571988907
81.5705235078,144.171336745
81.5971990664,141.683973774
81.6238746249,140.422889032
81.6505501834,165.13764337
81.6772257419,164.241838951
81.7039013004,150.278582054
81.730576859,141.141951755
81.7572524175,150.125431371
81.783927976,160.279315639
81.8106035345,134.685508644
81.837279093,145.277518544
81.8639546516,146.632104908
81.8906302101,147.463425198
81.9173057686,169.949360525
81.9439813271,160.294163664
81.9706568856,158.723235291
81.9973324441,142.2318076
82.0240080027,145.259271954
82.0506835612,148.040829397
82.0773591197,123.594511234
82.1040346782,143.913324864
82.1307102367,151.332960692
82.1573857953,146.186684242
82.1840613538,148.315773316
82.2107369123,170.730143129
82.2374124708,169.503000872
82.2640880293,159.013894956
82.2907635879,147.211867717
82.3174391464,144.886815133
82.3441147049,154.538076342
82.3707902634,156.371818163
82.3974658219,142.31059376
82.4241413805,143.867355196
82.450816939,174.223728462
82.4774924975,158.108176291
82.504168056,153.648644743
82.5308436145,173.55884357
82.5575191731,155.020902103
82.5841947316,170.427493253
82.6108702901,145.75005864
82.6375458486,148.412154666
82.6642214071,162.28317655
82.6908969657,136.632363426
82.7175725242,154.357860717
82.7442480827,138.135371376
82.7709236412,157.386492143
82.7975991997,149.978908404
82.8242747583,152.481458909
82.8509503168,154.04855568
82.8776258753,131.56988507
82.9043014338,135.14861329
82.9309769923,161.73909353
82.9576525509,149.793408702
82.9843281094,157.596962994
83.0110036679,144.514284457
83.0376792264,164.732859359
83.0643547849,168.888577017
83.0910303434,147.415647999
83.117705902,148.345727925
83.1443814605,133.19165615
83.171057019,143.295621381
83.1977325775,149.561480792
83.224408136,132.64924825
83.2510836946,169.795206075
83.2777592531,159.179715529
83.3044348116,163.373977308
83.3311103701,146.349312623
83.3577859286,159.486825837
83.3844614872,152.858107607
83.4111370457,135.951685711
83.4378126042,151.176756227
83.4644881627,166.164398284
83.4911637212,166.812468751
83.5178392798,155.211200284
83.5445148383,140.741766562
83.5711903968,143.570808582
83.5978659553,153.978203716
83.6245415138,136.537033304
83.6512170724,145.915688833
83.6778926309,185.430605134
83.7045681894,148.32878038
83.7312437479,142.702975389
83.7579193064,145.870245131
83.784594865,156.924857856
83.8112704235,146.748563158
83.837945982,160.378778284
83.8646215405,156.8623061
83.891297099,150.906059827
83.9179726576,169.382697917
83.9446482161,149.798749008
83.9713237746,141.905728356
83.9979993331,149.319355771
84.0246748916,156.109989062
84.0513504502,141.579254712
84.0780260087,153.544453935
84.1047015672,160.762587907
84.1313771257,157.054124477
84.1580526842,147.328203992
84.1847282427,157.701655539
84.2114038013,151.454587666
84.2380793598,165.727162423
84.2647549183,179.407204478
84.2914304768,146.454559387
84.3181060353,143.548212187
84.3447815939,145.352501934
84.3714571524,150.619103571
84.3981327109,129.551571366
84.4248082694,151.141083486
84.4514838279,122.276172776
84.4781593865,144.476932498
84.504834945,157.560881424
84.5315105035,146.104544362
84.558186062,152.457800196
84.5848616205,162.592695162
84.6115371791,139.095713578
84.6382127376,163.800682996
84.6648882961,139.505888992
84.6915638546,154.209860597
84.7182394131,176.324348513
84.7449149717,162.583724385
84.7715905302,143.975367536
84.7982660887,162.765172443
84.8249416472,126.978642116
84.8516172057,142.295736958
84.8782927643,153.428913442
84.9049683228,163.034492916
84.9316438813,138.212824516
84.9583194398,137.940768585
84.9849949983,156.935138868
85.0116705569,147.953519811
85.0383461154,141.515543914
85.0650216739,154.576867409
85.0916972324,141.351068069
85.1183727909,177.422777927
85.1450483494,140.03518128
85.171723908,146.815299556
85.1983994665,137.060935052
85.225075025,137.907843679
85.2517505835,153.274962786
85.278426142,148.227794196
85.3051017006,139.415905921
85.3317772591,126.563463312
85.3584528176,153.719282294
85.3851283761,146.20467473
85.4118039346,155.393719417
85.4384794932,143.566349237
85.4651550517,123.88140177
85.4918306102,162.784618326
85.5185061687,152.5325414
85.5451817272,177.052645535
85.5718572858,132.764010799
85.5985328443,164.328949503
85.6252084028,122.568695905
85.6518839613,144.166430687
85.6785595198,138.03881678
85.7052350784,142.066887559
85.7319106369,153.924159305
85.7585861954,146.640815791
85.7852617539,136.085828963
85.8119373124,165.555264349
85.838612871,148.251369278
85.8652884295,154.210795699
85.891963988,143.738053327
85.9186395465,154.922931047
85.945315105,161.172351875
85.9719906636,143.418310928
85.9986662221,154.764249646
86.0253417806,154.074621942
86.0520173391,133.314406396
86.0786928976,126.485421169
86.1053684562,148.316270795
86.1320440147,152.272161672
86.1587195732,150.434591537
86.1853951317,169.525120565
86.2120706902,152.961808425
86.2387462487,174.55469884
86.2654218073,148.538193894
86.2920973658,150.747893164
86.3187729243,157.078907866
86.3454484828,148.571985131
86.3721240413,156.537904989
86.3987995999,152.837225429
86.4254751584,148.479589971
86.4521507169,143.716747461
86.4788262754,128.839551714
86.5055018339,125.778892676
86.5321773925,151.488170759
86.558852951,169.274274742
86.5855285095,169.803208581
86.612204068,138.043312139
86.6388796265,142.95699537
86.6655551851,124.617442093
86.6922307436,162.684981181
86.7189063021,156.839289403
86.7455818606,129.059328148
86.7722574191,155.252435183
86.7989329777,134.32354555
86.8256085362,136.979014554
86.8522840947,143.603381732
86.8789596532,150.769172216
86.9056352117,159.821766237
86.9323107703,159.994948551
86.9589863288,160.589313088
86.9856618873,119.752275967
87.0123374458,151.744894382
87.0390130043,155.982284224
87.0656885629,152.805246145
87.0923641214,135.570686099
87.1190396799,164.041613583
87.1457152384,152.539928908
87.1723907969,148.154329665
87.1990663555,156.137936799
87.225741914,158.551992895
87.2524174725,183.139292027
87.279093031,149.613409854
87.3057685895,159.798972009
87.332444148,133.746310859
87.3591197066,124.99261882
87.3857952651,154.101000973
87.4124708236,155.263999617
87.4391463821,138.691067865
87.4658219406,171.480388741
87.4924974992,135.562812452
87.5191730577,142.056511973
87.5458486162,149.699051828
87.5725241747,162.675538791
87.5991997332,149.193843146
87.6258752918,145.239811536
87.6525508503,145.501555787
87.6792264088,137.272100258
87.7059019673,147.31709697
87.7325775258,146.725110434
87.7592530844,148.87445784
87.7859286429,146.821894599
87.8126042014,170.141814538
87.8392797599,142.619829076
87.8659553184,152.334653825
87.892630877,166.937421644
87.9193064355,133.722472885
87.945981994,136.172263389
87.9726575525,146.361996193
87.999333111,172.538206695
88.0260086696,139.124077659
88.0526842281,162.691862719
88.0793597866,143.911014458
88.1060353451,146.26538534
88.1327109036,172.406043294
88.1593864622,153.390246815
88.1860620207,119.922589981
88.2127375792,138.510681961
88.2394131377,155.475255847
88.2660886962,172.947964
88.2927642548,161.52885976
88.3194398133,152.260024532
88.3461153718,154.763698466
88.3727909303,157.558312182
88.3994664888,168.029293293
88.4261420473,128.328894509
88.4528176059,147.59902852
88.4794931644,142.322670179
88.5061687229,130.641649428
88.5328442814,141.684374232
88.5595198399,143.781805821
88.5861953985,153.97959762
88.612870957,138.197258489
88.6395465155,135.039801333
88.666222074,143.805653547
88.6928976325,147.040715084
88.7195731911,130.427822398
88.7462487496,135.236271582
88.7729243081,148.103663927
88.7995998666,137.809051534
88.8262754251,162.145606076
88.8529509837,154.238121234
88.8796265422,143.194961091
88.9063021007,143.905257493
88.9329776592,160.369406426
88.9596532177,137.72908828
88.9863287763,123.528869116
89.0130043348,143.1420126
89.0396798933,151.336416146
89.0663554518,160.161167
89.0930310103,143.992215633
89.1197065689,138.424974299
89.1463821274,174.662425753
89.1730576859,157.853613669
89.1997332444,158.645764317
89.2264088029,156.198985141
89.2530843615,136.297917982
89.27975992,134.89804347
89.3064354785,155.408965942
89.333111037,150.541638901
89.3597865955,162.088726083
89.3864621541,156.088362607
89.4131377126,155.099881842
89.4398132711,143.167489276
89.4664888296,161.539121072
89.4931643881,169.324395483
89.5198399466,154.133270578
89.5465155052,130.805529611
89.5731910637,129.562190425
89.5998666222,159.78930734
89.6265421807,131.549206372
89.6532177392,150.524445536
89.6798932978,140.086004509
89.7065688563,153.999606264
89.7332444148,158.209850737
89.7599199733,134.663192099
89.7865955318,143.015211328
89.8132710904,133.274958176
89.8399466489,141.90865468
89.8666222074,143.543149494
89.8932977659,143.376104435
89.9199733244,159.626915375
89.946648883,155.56579523
89.9733244415,124.542246807
90.0,151.27583356
